email,full_name
demo.user001@demo.projectx.local,Demo User 001
demo.user002@demo.projectx.local,Demo User 002
demo.user003@demo.projectx.local,Demo User 003
demo.user004@demo.projectx.local,Demo User 004
demo.user005@demo.projectx.local,Demo User 005
demo.user006@demo.projectx.local,Demo User 006
demo.user007@demo.projectx.local,Demo User 007
demo.user008@demo.projectx.local,Demo User 008
demo.user009@demo.projectx.local,Demo User 009
demo.user010@demo.projectx.local,Demo User 010
demo.user011@demo.projectx.local,Demo User 011
demo.user012@demo.projectx.local,Demo User 012
demo.user013@demo.projectx.local,Demo User 013
demo.user014@demo.projectx.local,Demo User 014
demo.user015@demo.projectx.local,Demo User 015
demo.user016@demo.projectx.local,Demo User 016
demo.user017@demo.projectx.local,Demo User 017
demo.user018@demo.projectx.local,Demo User 018
demo.user019@demo.projectx.local,Demo User 019
demo.user020@demo.projectx.local,Demo User 020
demo.user021@demo.projectx.local,Demo User 021
demo.user022@demo.projectx.local,Demo User 022
demo.user023@demo.projectx.local,Demo User 023
demo.user024@demo.projectx.local,Demo User 024
demo.user025@demo.projectx.local,Demo User 025
demo.user026@demo.projectx.local,Demo User 026
demo.user027@demo.projectx.local,Demo User 027
demo.user028@demo.projectx.local,Demo User 028
demo.user029@demo.projectx.local,Demo User 029
demo.user030@demo.projectx.local,Demo User 030
demo.user031@demo.projectx.local,Demo User 031
demo.user032@demo.projectx.local,Demo User 032
demo.user033@demo.projectx.local,Demo User 033
demo.user034@demo.projectx.local,Demo User 034
demo.user035@demo.projectx.local,Demo User 035
demo.user036@demo.projectx.local,Demo User 036
demo.user037@demo.projectx.local,Demo User 037
demo.user038@demo.projectx.local,Demo User 038
demo.user039@demo.projectx.local,Demo User 039
demo.user040@demo.projectx.local,Demo User 040
demo.user041@demo.projectx.local,Demo User 041
demo.user042@demo.projectx.local,Demo User 042
demo.user043@demo.projectx.local,Demo User 043
demo.user044@demo.projectx.local,Demo User 044
demo.user045@demo.projectx.local,Demo User 045
demo.user046@demo.projectx.local,Demo User 046
demo.user047@demo.projectx.local,Demo User 047
demo.user048@demo.projectx.local,Demo User 048
demo.user049@demo.projectx.local,Demo User 049
demo.user050@demo.projectx.local,Demo User 050
demo.user051@demo.projectx.local,Demo User 051
demo.user052@demo.projectx.local,Demo User 052
demo.user053@demo.projectx.local,Demo User 053
demo.user054@demo.projectx.local,Demo User 054
demo.user055@demo.projectx.local,Demo User 055
demo.user056@demo.projectx.local,Demo User 056
demo.user057@demo.projectx.local,Demo User 057
demo.user058@demo.projectx.local,Demo User 058
demo.user059@demo.projectx.local,Demo User 059
demo.user060@demo.projectx.local,Demo User 060
demo.user061@demo.projectx.local,Demo User 061
demo.user062@demo.projectx.local,Demo User 062
demo.user063@demo.projectx.local,Demo User 063
demo.user064@demo.projectx.local,Demo User 064
demo.user065@demo.projectx.local,Demo User 065
demo.user066@demo.projectx.local,Demo User 066
demo.user067@demo.projectx.local,Demo User 067
demo.user068@demo.projectx.local,Demo User 068
demo.user069@demo.projectx.local,Demo User 069
demo.user070@demo.projectx.local,Demo User 070
demo.user071@demo.projectx.local,Demo User 071
demo.user072@demo.projectx.local,Demo User 072
demo.user073@demo.projectx.local,Demo User 073
demo.user074@demo.projectx.local,Demo User 074
demo.user075@demo.projectx.local,Demo User 075
demo.user076@demo.projectx.local,Demo User 076
demo.user077@demo.projectx.local,Demo User 077
demo.user078@demo.projectx.local,Demo User 078
demo.user079@demo.projectx.local,Demo User 079
demo.user080@demo.projectx.local,Demo User 080
demo.user081@demo.projectx.local,Demo User 081
demo.user082@demo.projectx.local,Demo User 082
demo.user083@demo.projectx.local,Demo User 083
demo.user084@demo.projectx.local,Demo User 084
demo.user085@demo.projectx.local,Demo User 085
demo.user086@demo.projectx.local,Demo User 086
demo.user087@demo.projectx.local,Demo User 087
demo.user088@demo.projectx.local,Demo User 088
demo.user089@demo.projectx.local,Demo User 089
demo.user090@demo.projectx.local,Demo User 090
demo.user091@demo.projectx.local,Demo User 091
demo.user092@demo.projectx.local,Demo User 092
demo.user093@demo.projectx.local,Demo User 093
demo.user094@demo.projectx.local,Demo User 094
demo.user095@demo.projectx.local,Demo User 095
demo.user096@demo.projectx.local,Demo User 096
demo.user097@demo.projectx.local,Demo User 097
demo.user098@demo.projectx.local,Demo User 098
demo.user099@demo.projectx.local,Demo User 099
demo.user100@demo.projectx.local,Demo User 100
demo.user101@demo.projectx.local,Demo User 101
demo.user102@demo.projectx.local,Demo User 102
demo.user103@demo.projectx.local,Demo User 103
demo.user104@demo.projectx.local,Demo User 104
demo.user105@demo.projectx.local,Demo User 105
demo.user106@demo.projectx.local,Demo User 106
demo.user107@demo.projectx.local,Demo User 107
demo.user108@demo.projectx.local,Demo User 108
demo.user109@demo.projectx.local,Demo User 109
demo.user110@demo.projectx.local,Demo User 110
demo.user111@demo.projectx.local,Demo User 111
demo.user112@demo.projectx.local,Demo User 112
demo.user113@demo.projectx.local,Demo User 113
demo.user114@demo.projectx.local,Demo User 114
demo.user115@demo.projectx.local,Demo User 115
demo.user116@demo.projectx.local,Demo User 116
demo.user117@demo.projectx.local,Demo User 117
demo.user118@demo.projectx.local,Demo User 118
demo.user119@demo.projectx.local,Demo User 119
demo.user120@demo.projectx.local,Demo User 120
demo.user121@demo.projectx.local,Demo User 121
demo.user122@demo.projectx.local,Demo User 122
demo.user123@demo.projectx.local,Demo User 123
demo.user124@demo.projectx.local,Demo User 124
demo.user125@demo.projectx.local,Demo User 125
demo.user126@demo.projectx.local,Demo User 126
demo.user127@demo.projectx.local,Demo User 127
demo.user128@demo.projectx.local,Demo User 128
demo.user129@demo.projectx.local,Demo User 129
demo.user130@demo.projectx.local,Demo User 130
demo.user131@demo.projectx.local,Demo User 131
demo.user132@demo.projectx.local,Demo User 132
demo.user133@demo.projectx.local,Demo User 133
demo.user134@demo.projectx.local,Demo User 134
demo.user135@demo.projectx.local,Demo User 135
demo.user136@demo.projectx.local,Demo User 136
demo.user137@demo.projectx.local,Demo User 137
demo.user138@demo.projectx.local,Demo User 138
demo.user139@demo.projectx.local,Demo User 139
demo.user140@demo.projectx.local,Demo User 140
demo.user141@demo.projectx.local,Demo User 141
demo.user142@demo.projectx.local,Demo User 142
demo.user143@demo.projectx.local,Demo User 143
demo.user144@demo.projectx.local,Demo User 144
demo.user145@demo.projectx.local,Demo User 145
demo.user146@demo.projectx.local,Demo User 146
demo.user147@demo.projectx.local,Demo User 147
demo.user148@demo.projectx.local,Demo User 148
demo.user149@demo.projectx.local,Demo User 149
demo.user150@demo.projectx.local,Demo User 150
